<?xml version="1.0" encoding="UTF-8"?>
<!--
   ====================================================================
   Licensed to the Apache Software Foundation (ASF) under one or more
   contributor license agreements.  See the NOTICE file distributed with
   this work for additional information regarding copyright ownership.
   The ASF licenses this file to You under the Apache License, Version 2.0
   (the "License"); you may not use this file except in compliance with
   the License.  You may obtain a copy of the License at

       http://www.apache.org/licenses/LICENSE-2.0

   Unless required by applicable law or agreed to in writing, software
   distributed under the License is distributed on an "AS IS" BASIS,
   WITHOUT WARRANTIES OR CONDITIONS OF ANY KIND, either express or implied.
   See the License for the specific language governing permissions and
   limitations under the License.
   ====================================================================
-->
<!DOCTYPE book PUBLIC "-//APACHE//DTD Cocoon Documentation Book V1.0//EN" "./dtd/book-cocoon-v10.dtd">

<book software="POI"
    title="POI Project Documentation"
    copyright="@year@ POI Project"
    xmlns:xlink="http://www.w3.org/1999/xlink">

    <menu label="Overview">
        <menu-item label="Home" href="index.html"/>
        <menu-item label="Download" href="download.html"/>
        <menu-item label="Components" href="overview.html"/>
        <menu-item label="Text Extraction" href="text-extraction.html"/>
        <menu-item label="Encryption support" href="encryption.html"/>
        <menu-item label="Case Studies" href="casestudies.html"/>
        <menu-item label="Related projects" href="related-projects.html"/>
        <menu-item label="Legal" href="legal.html"/>
    </menu>

    <menu label="Help">
        <menu-item label="Javadocs" href="ext:javadoc"/>
        <menu-item label="FAQ" href="faq.html"/>
        <menu-item label="Mailing Lists" href="mailinglists.html"/>
        <menu-item label="Bug Database" href="http://issues.apache.org/bugzilla/buglist.cgi?product=POI"/>
        <menu-item label="Changes Log" href="changes.html"/>
    </menu>

    <menu label="Getting Involved">
        <menu-item label="Subversion Repository" href="subversion.html"/>
        <menu-item label="How To Build" href="howtobuild.html"/>
        <menu-item label="Contribution Guidelines" href="guidelines.html"/>
        <menu-item label="Who We Are" href="who.html"/>
    </menu>

    <menu label="Component APIs">
        <menu-item label="Excel (SS=HSSF+XSSF)" href="spreadsheet/index.html"/>
        <menu-item label="Word (HWPF+XWPF)" href="document/index.html"/>
        <menu-item label="PowerPoint (HSLF+XSLF)" href="slideshow/index.html"/>
        <menu-item label="OpenXML4J (OOXML)" href="oxml4j/index.html"/>
        <menu-item label="OLE2 Filesystem (POIFS)" href="poifs/index.html"/>
        <menu-item label="OLE2 Document Props (HPSF)" href="hpsf/index.html"/>
        <menu-item label="Outlook (HSMF)" href="hsmf/index.html"/>
        <menu-item label="Visio (HDGF)" href="hdgf/index.html"/>
        <menu-item label="TNEF (HMEF)" href="hmef/index.html"/>
        <menu-item label="Publisher (HPBF)" href="hpbf/index.html"/>
    </menu>

    <menu label="Apache Wide">
        <menu-item label="Apache Software Foundation" href="http://www.apache.org/" />
        <menu-item label="License" href="http://www.apache.org/licenses/" />
        <menu-item label="Sponsorship" href="http://www.apache.org/foundation/sponsorship.html" />
        <menu-item label="Thanks" href="http://www.apache.org/foundation/thanks.html" />
        <menu-item label="Security" href="http://www.apache.org/security/" />
    </menu>
</book>
